,precision,recall,f1-score,support
0,0.984251968503937,0.984251968503937,0.984251968503937,127.0
1,0.9854014598540146,0.9854014598540146,0.9854014598540146,137.0
accuracy,0.9848484848484849,0.9848484848484849,0.9848484848484849,0.9848484848484849
macro avg,0.9848267141789758,0.9848267141789758,0.9848267141789758,264.0
weighted avg,0.9848484848484849,0.9848484848484849,0.9848484848484849,264.0
