,precision,recall,f1-score,support
0,0.9769230769230769,1.0,0.9883268482490272,127.0
1,1.0,0.9781021897810219,0.988929889298893,137.0
accuracy,0.9886363636363636,0.9886363636363636,0.9886363636363636,0.9886363636363636
macro avg,0.9884615384615385,0.9890510948905109,0.9886283687739601,264.0
weighted avg,0.9888986013986014,0.9886363636363636,0.988639790005965,264.0
