,precision,recall,f1-score,support
0,0.5612903225806452,0.6850393700787402,0.6170212765957447,127.0
1,0.6330275229357798,0.5036496350364964,0.5609756097560975,137.0
accuracy,0.5909090909090909,0.5909090909090909,0.5909090909090909,0.5909090909090909
macro avg,0.5971589227582125,0.5943445025576183,0.5889984431759211,264.0
weighted avg,0.5985175818558476,0.5909090909090909,0.587936972213049,264.0
