,precision,recall,f1-score,support
0,0.5531914893617021,0.6141732283464567,0.5820895522388061,127.0
1,0.6016260162601627,0.5401459854014599,0.5692307692307693,137.0
accuracy,0.5757575757575758,0.5757575757575758,0.5757575757575758,0.5757575757575758
macro avg,0.5774087528109324,0.5771596068739583,0.5756601607347878,264.0
weighted avg,0.5783260733961305,0.5757575757575758,0.5754166231778173,264.0
